"cat1","cat2","BF"
1,2,1.85840707964602
1,3,3.11504424778761
2,3,1.67619047619048
